window_size, training_time_in_seconds_10_epochs
0,771.5564316455275
30,768.7037342637777
60,767.6901108473539
90,765.5865613855422
120,766.0836471337825
150,770.3292029667646
180,794.2060666121542
